file,bytes,sha256
.gitignore,111,e817ae8b30733b1ed318402aa0cb86dd9a3efbd05736d09f9743d30a88be8ba6
CHANGELOG.md,212,0c74549e8996c4e482b9dc74703451003eb41897a76d64194210fc6ab53b8ea9
CITATION.cff,684,bcecebc57bf5d72526c59970ee823ce4076179b90cacf00d61509d942a7c502c
CODE_METHOD_ALIGNMENT.md,871,06ca1887c3ed254399a3bf73f5dca59c5f00dcb47811f7b0a605307b6f2bec0b
LICENSE,615,ad334622d0c22567f9b883cc5afc9e53d519e3e2ebe4e90aae63fd87e32190c1
PIPELINE_COMMANDS.md,2232,c310882f3fd3d2fcf81fc222485f292ace0573d7931e9ca496cac54aee760d76
README.md,3771,854e564faae88232babc5c0f5fe00bd12381de20d776cb6270cb119185211b95
SMOKE_TEST_RESULT.txt,174,c42294e554a38557f568e15a16ae86f32f1ac504d969211cf556f0daa33110c3
configs/final.yaml,2033,b92245e68d8569563db2170d28ab68b4312ed6d54c24c60a8aec70e357571f50
data/README.md,819,a86c15f17eb5ec7fb22efe7424ecc071c9a1fae40857af9c5e6a520bf572d363
data/templates/contraindication_rules.template.csv,53,b6c54a0e87be0cb90aa2c41b8f37c59bb062eea53eeac0d6a6e3c9c7916eda6a
data/templates/document_audit.template.csv,133,45205b802a52fe874f45b62f8539b915d9d9a055e39d2135d6795acafedd69d8
data/templates/drug_aliases.template.csv,47,062adae4416dbc12aae630f408b71a14046b530512d8be6a53844043e8603870
data/templates/drug_targets.template.csv,25,1855c53f716d62ef58a4c1629cfeb599f52badd9a57656c30b4ff5a195a4c3c5
data/templates/drug_vocabulary.template.csv,13,3e61f86d5901a3ec5af19e01bd8122fff3f71c907c29c1feb08d33a04e8b79be
data/templates/gene_vocabulary.template.csv,16,9e93aa7b612ff1ce46cef5f70566774510ef4d00610d43e8bbb79246befa0387
data/templates/guideline_rules.template.csv,56,a304407d75b866b30e953f62193e3231eab5d272a7b1a16592e8418995c0ec00
data/templates/kg_edges.template.csv,32,887bc7fa6a656dd92f6e3abb66c36466edda6684a031ae4c9956522f95b2bddd
data/templates/kg_entities.template.csv,27,42f660f8bb5289a349d2f5f66a57cf57d27c6b072d058c10d1edbb44908104f0
data/templates/model_inputs.schema.txt,492,66f6309bedd786d1642fb912a2a95c63cbd399c3caec1cba280f56feefa5a123
data/templates/patient_outputs.template.csv,134,0cf9726502051c7ccff64645e998f940139a2cdbd08d243731a73425f1196941
evaluate.py,2469,17c490c3205dde24b47b02d65d908ccaff465ca0837ad0e56662fbfd5d2e29f4
knesynet/__init__.py,22,91447944015cec709e8aa7655f7e9d64e1e4508e7023a57fe3746911c0fc6fed
knesynet/audit/__init__.py,0,e3b0c44298fc1c149afbf4c8996fb92427ae41e4649b934ca495991b7852b855
knesynet/audit/fusion_equation.py,985,81a146e8d85d9728742bbfef4ae74136494065a89410bd5c231d39e809f3049b
knesynet/audit/graph_leakage.py,536,03bcc5c9f001c2f16724a61242d2b272f82c27c0f6a60f14124acfd6d5c2c6be
knesynet/audit/text_audit.py,438,b3d73b13d5808b5a669684d7e199d4e68fda0ef374454d45fb842f8f6a05f31e
knesynet/baselines/__init__.py,0,e3b0c44298fc1c149afbf4c8996fb92427ae41e4649b934ca495991b7852b855
knesynet/baselines/simple.py,968,7532cbfc33ee0867705c27e91d31a9566f159d3b3d7a9371a71235c5b82f3ae5
knesynet/baselines/unimodal.py,423,4b0c55a7f665bf457e0b9ebb1db45179a274df22ca682455d115fff7bae7ab37
knesynet/config.py,164,abdc5d325de6228629f8f0d4c3db59b08472ff5771b9615bcbd918c3d3245b75
knesynet/data.py,2198,3056a95fcad85e085f7da1535c795a18006b9a9d0e263aca042d7ce1aa6cd8fa
knesynet/evaluation/__init__.py,0,e3b0c44298fc1c149afbf4c8996fb92427ae41e4649b934ca495991b7852b855
knesynet/evaluation/evaluate_outputs.py,1295,caa1a452061555306fb180b2a0fb53db1d071c40537910a41faa872b01a65087
knesynet/evaluation/metrics.py,2146,dbe15d6012b60a0525edd1a8044d105868d8856ab5d14c198a2ab0c18610772a
knesynet/evaluation/rule_metrics.py,223,054f436025ec0c28c6ab7574e51cd30c3d36bfcba0da619dabaae98d9648f23f
knesynet/evaluation/thresholds.py,481,218bca9db03f7d77369d7dd381e72a31f751714af37632b2e5228d6ad38170c2
knesynet/export/__init__.py,0,e3b0c44298fc1c149afbf4c8996fb92427ae41e4649b934ca495991b7852b855
knesynet/export/case_decomposition.py,748,a4e122a2399c1299be5c996bc2f44e2bee9531f5824e0e5007726c56552c3eae
knesynet/export/patient_outputs.py,1339,3066c8236d1448beb9fecddd3084f6e7c1dd611d767202d74b13a6290625bacd
knesynet/kg/__init__.py,0,e3b0c44298fc1c149afbf4c8996fb92427ae41e4649b934ca495991b7852b855
knesynet/kg/build.py,1566,14ecf1ba287f801eb6cf28512e0f9265cf092f00f408fb679a06ea7eb0d928d1
knesynet/kg/rules.py,1790,d35335ab12c11d8685e6102e688f24eee2ca7065c61cc0f007b6a4c8907ebdda
knesynet/kg/splits.py,1338,d3f38e27a17f2ce70a1ab4964281078d0a5abca10a4f75916f72ef246bf88e50
knesynet/models/__init__.py,0,e3b0c44298fc1c149afbf4c8996fb92427ae41e4649b934ca495991b7852b855
knesynet/models/encoders.py,1682,85c9cad7a4483f5d4e0e130b64955b0d4ad662e4d561a4b96534e9a3df84dddb
knesynet/models/fusion.py,1129,93286c133c91e14f920558259c1c63376b8a22abc717206b87b35f08f8a3f7ba
knesynet/models/gat.py,854,3f48a380dbf9e08c145ee00c501a23e68537e31497911c5b7669aab3915c5af6
knesynet/models/knesynet.py,1961,3cb45770f2c9f57dd6972bf33194af9c8e6eee4b622f0b1cd29754f8f525db8a
knesynet/models/symbolic.py,255,85713d8cee16921bb86d78a2773635314329c84f9aff5e3209b16262154a2640
knesynet/preprocessing/__init__.py,0,e3b0c44298fc1c149afbf4c8996fb92427ae41e4649b934ca495991b7852b855
knesynet/preprocessing/cohort.py,1034,87deb81aaf8da1fe4cbb2da65062d02bac904ecf77ce5cff3f498a64e97ea895
knesynet/preprocessing/drug_normalization.py,1717,f8817ca69581d49af5375e1a0a7aa5f84a761c9d073ee50d134a34b8a5c17c88
knesynet/preprocessing/genomics.py,1258,edba23c0973b08d50ee8fbc33da29963d536427d38900023583b75e74944868a
knesynet/preprocessing/image_encoder.py,1717,5363af840e549ae20c420a952ede4208ac02f6b27d54f34bac10f3794e1d41d1
knesynet/preprocessing/labels.py,1633,2415245b15bb710c13a26346e0cfdde42974342b46918e853e38cdcc6b1dfdb2
knesynet/preprocessing/strict_text_filter.py,1984,96656efd6894aa123b164c2252e7d77fd1adfde08ab4802e98136cd303e64ba6
knesynet/preprocessing/text_encoder.py,1934,40057ed0b09a610c577b2f525d96a740baa9d8bbb555fd2a351d5f2150c9f4dd
knesynet/preprocessing/text_filter.py,2292,fe901ef1e677a02e7b5fb4111b9125584551466cad59155e0e892a001600ea4f
knesynet/preprocessing/wsi_pipeline.py,2773,701e6c7a97eadd39a620d31046ae6261c0e57a6b1347fbedb9c0b648e472b818
knesynet/training/__init__.py,0,e3b0c44298fc1c149afbf4c8996fb92427ae41e4649b934ca495991b7852b855
knesynet/training/inference.py,1536,f0cb702f10eb6a22f9ec9b76da638829af50c1448f7f5b6fc9ddfcc8ce5108fa
knesynet/training/losses.py,638,4be30b5457975655ac449c405dbbacfc64dac3ad856bc0b53a34883d96f3fdfd
knesynet/training/trainer.py,1479,438c9bf5b1aa912976bac34c58bef9d5a1817c796ddf3c3b83648e7fb8f8cddb
knesynet/utils.py,442,8569c22a69d05a9ff0350959ddbaa6e7f1356c6ec520f216edef67958eb63e90
pyproject.toml,483,08a1de661f1965db4d93b747b461358a02519d9df1257653deada2dddc9c5687
requirements.txt,284,493e784131ae6e679997c34796778830395e4c38fe2eac554347f6d3d747ea89
run_pipeline.sh,74,6e775207d6f9adf44e7af09675de52abea0e78e290f4ea7eeb0cea1c51d99e2d
scripts/audit_graph_split.py,537,780becef6b3a6e8e670361073068ad68a435f08c3a5a784431f798c76233c12e
scripts/audit_metric_consistency.py,960,4528c1b69759df93c65a36683ddbd0ae5b06d5f163a127caebb7f6c5750e0903
scripts/audit_table13.py,427,93523b1f3c4c64f327fac18eae07a2daf5e0fcb3a98f1cb53ab8f3c41410f90b
scripts/build_cohort.py,652,216ed1191e1331b0f534b75369aaf7c13cc0b5b08b38b17ea2cbae5196e14556
scripts/build_graph.py,670,d5f022bc954f4614e2578dc5d652e9864678a71f71ee3b754e6e0c94881a3fbc
scripts/build_labels.py,725,51051ea8f69ec594396c334098142d32f4bada8ae535eccd2d8fb2d7b9febc40
scripts/build_model_inputs.py,3789,0204edbe1c0070f406e42fed18265b46075af81c67110f85b5748fa67aa07a9e
scripts/build_threshold_selection.py,986,eba9778d714fb3911b9158615336bfa2c95427a1539b551f3f49a8da614b10b6
scripts/encode_genomics.py,563,9b7e74578437d24b779d9a33effc8e2186730b20d4c6de7d4d9084b8472c64c0
scripts/encode_text.py,1317,6c55942a7cd725ae50eb12f03259b366f4d30e9a7db14d50419d0cc969608f8b
scripts/encode_wsi.py,1277,197a336c3dce69e52fe8add78dcb261113dceeb41ee3b007870b522b08e5dcbb
scripts/evaluate_saved_outputs.py,470,b18e529b31612650cc8e4c6d35ff6ab6ac87d8229f16bf64ff0f75842a7d15f8
scripts/export_patient_outputs.py,2136,548030c6a0186d33e7215a3bcd678123b3afcc732e826dbbde677fc89b31bb89
scripts/export_verified_public_release.py,6169,e6204876640f952eedf5181b039ce6e1d40fcf34d405723a12e7ba90727d08fd
scripts/filter_text.py,2004,6a203ed69cb8cee757d3958a2ea23a15ee1c742b8f4068b18bcf7c03ae1aa450
scripts/run_pipeline.py,625,847b9b570bcf12643a5b8233b0a11ad861dcf538c37d49094592886ec535c3cf
scripts/select_threshold.py,983,21101cb02ce82c487b10f8b8574758d7c0af3faa51b5ed18e3762d9a14db7f5b
scripts/smoke_pipeline.py,3308,25ea1f3d2af1c53e44eda377fe84cab2d77efa78e6a341fe71f826960e88505b
scripts/validate_public_data.py,983,9929b863ad22352f102d0b4c239146f80aa77b21bdc0a8acc293b5d0d4ff68a7
tests/test_end_to_end_smoke.py,129,1efca11e9bec2c261d372173255dcf63ef93c7a30b12d0a827115b5e961a7638
tests/test_fusion_equation.py,555,3ae7194ed1ea2b1d192b171a1a390e212adcabed095a03658554390f1e7d9883
tests/test_graph_split.py,500,0ca751dd003daadbde3d2cf637112d5c0a0765230ea8085a90e57e3416f828c5
tests/test_metrics.py,570,5ef8aa729c044647ee2b203704d32acd0b28396c40f7865e29ab5918e06b3c6c
train.py,3684,1b3660cfc762d1f0e5a88ae16b8e6babfb7b91ccc6e80ef609f6e95298884f92
